{
  "project_info": {
    "project_number": "152505228797",
    "project_id": "flutter-app-demo-89d37",
    "storage_bucket": "flutter-app-demo-89d37.appspot.com"
  },
  "client": [
    {
      "client_info": {
        "mobilesdk_app_id": "1:152505228797:android:cacaad80af3016f7a98d94",
        "android_client_info": {
          "package_name": "com.skillrisers.flutter_app_demo"
        }
      },
      "oauth_client": [
        {
          "client_id": "152505228797-lonhhomr1uih1lf1m6aptcsisaq0hfoh.apps.googleusercontent.com",
          "client_type": 3
        }
      ],
      "api_key": [
        {
          "current_key": "AIzaSyCf5ONvgMntt7GjvxdOOTP7n4wIySWZzgk"
        }
      ],
      "services": {
        "appinvite_service": {
          "other_platform_oauth_client": [
            {
              "client_id": "152505228797-lonhhomr1uih1lf1m6aptcsisaq0hfoh.apps.googleusercontent.com",
              "client_type": 3
            }
          ]
        }
      }
    }
  ],
  "configuration_version": "1"
}